event_type,severity,service,recommended_action,reason,event_template,example
BGL:E24,FATAL,APP,check_auth,Permission denied indicates authentication/authorization problem,ciod: Error creating node map from file <*>: Permission denied,ciod: Error creating node map from file /home/pakin1/sweep3d-2.2b/results/random1-8x32x32x2.map: Per
BGL:E26,FATAL,APP,check_auth,"Permission denied loading program image, likely auth issue.","ciod: Error loading /<*>: invalid or missing program image, Permission denied",ciod: Error loading /home/spelce1/HPCC_IBM/Urgent/Gunnels/VNM64/vnm.rts: invalid or missing program 
BGL:E36,FATAL,APP,check_disk,I/O error indicates disk or filesystem issue.,ciod: LOGIN chdir(<*>) failed: Input/output error,ciod: LOGIN chdir(/p/gb1/stella/RAPTOR/2183) failed: Input/output error
BGL:E52,FATAL,KERNEL,check_disk,Kernel fatal storage interrupt indicates disk hardware issue.,data storage interrupt,data storage interrupt
BGL:E80,FATAL,KERNEL,check_disk,Block device mount failure indicates potential disk or filesystem issue,Lustre mount FAILED : bglio<*> : block_id : location,Lustre mount FAILED : bglio78 : block_id : location
BGL:E29,FATAL,APP,check_network,Socket link severed indicates network connectivity issue.,ciod: Error reading message prefix after LOAD_MESSAGE on CioStream socket to <*>:<*>: Link has been severed,ciod: Error reading message prefix after LOAD_MESSAGE on CioStream socket to 172.16.96.116:42213: Li
BGL:E30,FATAL,APP,check_network,Connection reset by peer indicates network connectivity problem.,"ciod: Error reading message prefix on CioStream socket to <*>:<*>, Connection reset by peer","ciod: Error reading message prefix on CioStream socket to 172.16.96.116:52839, Connection reset by p"
BGL:E31,FATAL,APP,check_network,Connection timed out to remote host,"ciod: Error reading message prefix on CioStream socket to <*>:<*>, Connection timed out","ciod: Error reading message prefix on CioStream socket to 172.16.96.116:41554, Connection timed out"
BGL:E32,FATAL,APP,check_network,"Socket link severed, network connectivity issue.","ciod: Error reading message prefix on CioStream socket to <*>:<*>, Link has been severed","ciod: Error reading message prefix on CioStream socket to 172.16.96.116:41534, Link has been severed"
BGL:E33,FATAL,APP,check_network,Socket read failure indicates network connectivity issue,ciod: failed to read message prefix on control stream (CioStream socket to <*>:<*>,ciod: failed to read message prefix on control stream (CioStream socket to 172.16.96.116:33569
BGL:E60,FATAL,KERNEL,check_network,Kernel fatal packet type mismatch indicates network communication problem,"Error receiving packet on tree network, expecting type <*> instead of type <*> (softheader=<*> <*> <*> <*>) PSR0=<*> PSR1=<*> PRXF=<*> PIXF=<*>","Error receiving packet on tree network, expecting type 57 instead of type 3 (softheader=0064588e 8af"
HDFS:E3,WARNING,dfs.DataNode$DataXceiver,check_network,Network connectivity problem serving block to client,<*>:<*>:Got exception while serving blk_<*> to /<*>:,10.251.30.85:50010:Got exception while serving blk_-2918118818249673980 to /10.251.90.64:
BGL:E107,FATAL,KERNEL,escalate_oncall,"Kernel fatal error, requires immediate attention",rts internal error,rts internal error
BGL:E108,FATAL,KERNEL,escalate_oncall,"Kernel panic, critical system failure.",rts panic! - stopping execution,rts panic! - stopping execution
BGL:E109,FATAL,KERNEL,escalate_oncall,"Kernel link training failure, critical network connectivity issue.",rts tree/torus link training failed: wanted: <*> got: <*>,rts tree/torus link training failed: wanted: B C X+ X- Y+ Y- Z+ Z- got: B C X- Y- Z+ Z-
BGL:E110,FATAL,KERNEL,escalate_oncall,"Kernel fatal error, requires immediate on-call attention.",rts: bad message header: expecting type <*> instead of type <*> (softheader=<*> <*> <*> <*>) PSR0=<*> PSR1=<*> PRXF=<*> PIXF=<*>,rts: bad message header: expecting type 57 instead of type 3 (softheader=00131db8 81aa0003 00000002 
BGL:E111,FATAL,KERNEL,escalate_oncall,"Kernel terminated, critical impact, requires immediate attention",rts: kernel terminated for reason <*>,rts: kernel terminated for reason 1003
BGL:E112,FATAL,KERNEL,escalate_oncall,"Kernel terminated, critical system failure","rts: kernel terminated for reason <*>: bad message header: invalid cpu, type=<*>, cpu=<*>, index=<*>, total=<*>","rts: kernel terminated for reason 1001rts: bad message header: invalid cpu, type=42315, cpu=105, ind"
BGL:E55,FATAL,KERNEL,escalate_oncall,Kernel TLB error indicates critical hardware fault,data TLB error interrupt,data TLB error interrupt
BGL:E81,FATAL,KERNEL,escalate_oncall,"Lustre mount failure critical, requires immediate on-call attention.",Lustre mount FAILED : bglio<*> : point <*>,Lustre mount FAILED : bglio559 : point /p/gb1
BGL:E17,ERROR,DISCOVERY,investigate,"Assembly info retrieval failed, unclear cause, requires human investigation",Can not get assembly information for node card,Can not get assembly information for node card
BGL:E21,FATAL,APP,investigate,"File descriptor error, unclear cause, requires human investigation.",ciod: Error creating node map from file <*>: Bad file descriptor,ciod: Error creating node map from file /p/gb2/welcome3/32k_128x256x1_8x4x4.map: Bad file descriptor
BGL:E22,FATAL,APP,investigate,"File not block device, misconfiguration likely",ciod: Error creating node map from file <*>: Block device required,ciod: Error creating node map from file /p/gb2/pakin1/sweep3d-5x5x400-10mk-3mmi-1024pes-xyzt/xyzt.ma
BGL:E25,FATAL,APP,investigate,Exec format error indicates corrupted binary; requires human investigation.,"ciod: Error loading /<*>: invalid or missing program image, Exec format error",ciod: Error loading /bgl/apps/scaletest/performance/MINIBEN/mb_243_0810/allreduce.rts: invalid or mi
BGL:E27,FATAL,APP,investigate,"program image exceeds allowed size, requires human investigation","ciod: Error loading /<*>: program image too big, <*> > <*>",ciod: Error loading /g/g24/buber/Yunsic/BlueGene/partad.develf/taddriver.32.exe: program image too b
BGL:E28,FATAL,APP,investigate,Missing program image; verify deployment and file existence.,"ciod: Error loading <*>: invalid or missing program image, No such file or directory",ciod: Error loading /home/draeger/testQboxhang-nozerobytebug-nosleepyescomm: invalid or missing prog
BGL:E34,INFO,KERNEL,investigate,Core files indicate program crashes; requires human analysis,ciod: generated <*> core files for program <*>,ciod: generated 64 core files for program /bgl/apps/swl-prep/ibm-swl/functional/sppm_chkpt/run/sppm
BGL:E37,FATAL,APP,investigate,"Missing directory, unclear cause, requires human investigation",ciod: LOGIN chdir(<*>) failed: No such file or directory,ciod: LOGIN chdir(/p/gb2/glosli/8M_5000K/t800) failed: No such file or directory
BGL:E39,INFO,KERNEL,investigate,Node map file has invalid fields; may cause future errors,ciod: Missing or invalid fields on line <*> of node map file /<*>,ciod: Missing or invalid fields on line 1 of node map file /home/auselton/bgl/64mps.sequential.mapfi
BGL:E44,INFO,KERNEL,investigate,"Hardware warning, unclear cause, needs investigation.",critical input interrupt (unit=<*> bit=<*>): warning for torus y+ wire,critical input interrupt (unit=0x0b bit=0x06): warning for torus y+ wire
BGL:E45,INFO,KERNEL,investigate,"Hardware warning, unclear impact, needs human review",critical input interrupt (unit=<*> bit=<*>): warning for torus z- wire,critical input interrupt (unit=0x0b bit=0x0b): warning for torus z- wire
BGL:E82,INFO,KERNEL,investigate,Potential hardware issue; requires human analysis,MACHINE CHECK DCR read timeout (mc=<*> iar <*> lr <*>),MACHINE CHECK DCR read timeout (mc=e08x iar 0x00000000 lr 0xc00045a4)
BGL:E90,WARNING,DISCOVERY,investigate,"Node card not fully functional, requires human investigation.",Node card is not fully functional,Node card is not fully functional
BGL:E91,ERROR,DISCOVERY,investigate,"Hardware alerts active, requires human investigation.","Node card status: ALERT <*>, ALERT <*>, ALERT <*>, ALERT <*> is (are) active. Clock Mode is Low. Clock Select is Midplane. Phy JTAG Reset is asserted. ASIC JTAG Reset is not asserted. Temperature Mask is not active. No temperature error. Temperature Limit Error Latch is clear. PGOOD is asserted. PGOOD error latch is clear. MPGOOD is OK. MPGOOD error latch is clear. The <*>.<*> volt rail is OK. The <*>.<*> volt rail is OK.","Node card status: ALERT 0, ALERT 1, ALERT 2, ALERT 3 is (are) active. Clock Mode is Low. Clock Selec"
BGL:E92,ERROR,DISCOVERY,investigate,"Power-good signals missing, hardware failure suspected, requires human investiga",Node card status: no ALERTs are active. Clock Mode is Low. Clock Select is Midplane. Phy JTAG Reset is asserted. ASIC JTAG Reset is asserted. Temperature Mask is not active. No temperature error. Temperature Limit Error Latch is clear. PGOOD IS NOT ASSERTED. PGOOD ERROR LATCH IS ACTIVE. MPGOOD IS NOT OK. MPGOOD ERROR LATCH IS ACTIVE. The <*>.<*> volt rail is OK. The <*>.<*> volt rail is OK.,Node card status: no ALERTs are active. Clock Mode is Low. Clock Select is Midplane. Phy JTAG Reset 
BGL:E93,INFO,DISCOVERY,investigate,VPD mismatch suggests hardware config issue needing human review,"Node card VPD check: U<*> node in processor card slot J<*> do not match. VPD ecid <*>, found <*>",Node card VPD check: U11 node in processor card slot J16 do not match. VPD ecid 04DF80A7942FFFFF0C08
BGL:E94,ERROR,HARDWARE,investigate,Hardware node card malfunction; requires human diagnosis.,NodeCard is not fully functional,NodeCard is not fully functional
OpenStack:E42,WARNING,nova.virt.libvirt.imagecache,investigate,"Missing base image file, requires human investigation.",Unknown base file: <*>,Unknown base file: /var/lib/nova/instances/_base/a489c868f0c37da93b76227c91bb03908ac0e742
OpenStack:E43,WARNING,nova.compute.manager,investigate,Instance count mismatch; investigate missing hypervisor instance.,"While synchronizing instance power states, found <*> instances in the database and <*> instances on the hypervisor.","While synchronizing instance power states, found 1 instances in the database and 0 instances on the "
BGL:E1,INFO,KERNEL,no_action,Corrected DDR errors are informational; no immediate intervention required,"<*> ddr error(s) detected and corrected on rank <*>, symbol <*> over <*> seconds","1 ddr error(s) detected and corrected on rank 0, symbol 24 over 335 seconds"
BGL:E10,INFO,KERNEL,no_action,"Informational kernel correction; issue auto-resolved, no action required",<*> torus receiver z+ input pipe error(s) (dcr <*>) detected and corrected,1 torus receiver z+ input pipe error(s) (dcr 0x02f0) detected and corrected
BGL:E100,FATAL,KERNEL,no_action,"reclassified: BGL RAS register/status dump line, not independently actionable",program interrupt: fp cr update.............<*>,program interrupt: fp cr update.............0
BGL:E101,FATAL,KERNEL,no_action,"reclassified: BGL RAS register/status dump line, not independently actionable",program interrupt: illegal instruction......<*>,program interrupt: illegal instruction......0
BGL:E101,INFO,KERNEL,no_action,"reclassified: BGL RAS register/status dump line, not independently actionable",program interrupt: illegal instruction......<*>,program interrupt: illegal instruction......1
BGL:E102,INFO,KERNEL,no_action,Informational kernel interrupt; no immediate issue detected,program interrupt: imprecise exception......<*>,program interrupt: imprecise exception......0
BGL:E102,FATAL,KERNEL,no_action,"reclassified: BGL RAS register/status dump line, not independently actionable",program interrupt: imprecise exception......<*>,program interrupt: imprecise exception......0
BGL:E103,INFO,KERNEL,no_action,Informational kernel interrupt; no immediate issue detected,program interrupt: privileged instruction...<*>,program interrupt: privileged instruction...0
BGL:E103,FATAL,KERNEL,no_action,"reclassified: BGL RAS register/status dump line, not independently actionable",program interrupt: privileged instruction...<*>,program interrupt: privileged instruction...0
BGL:E104,FATAL,KERNEL,no_action,"reclassified: BGL RAS register/status dump line, not independently actionable",program interrupt: trap instruction.........<*>,program interrupt: trap instruction.........0
BGL:E105,INFO,KERNEL,no_action,Informational kernel notice; no immediate issue requires action,program interrupt: unimplemented operation..<*>,program interrupt: unimplemented operation..0
BGL:E105,FATAL,KERNEL,no_action,"reclassified: BGL RAS register/status dump line, not independently actionable",program interrupt: unimplemented operation..<*>,program interrupt: unimplemented operation..0
BGL:E106,FATAL,KERNEL,no_action,"reclassified: BGL RAS register/status dump line, not independently actionable",r24=<*> r25=<*> r26=<*> r27=<*>,r24=0x0ffea4c8 r25=0x00000003 r26=0x0000000f r27=0xffffd000
BGL:E11,INFO,KERNEL,no_action,Informational kernel retransmission errors detected and corrected; no action req,<*> torus sender z- retransmission error(s) (dcr <*>) detected and corrected over <*> seconds,18507114 torus sender z- retransmission error(s) (dcr 0x02f9) detected and corrected over 198 second
BGL:E113,INFO,KERNEL,no_action,"Routine shutdown completion, no action required.",shutdown complete,shutdown complete
BGL:E114,FATAL,KERNEL,no_action,"reclassified: BGL RAS register/status dump line, not independently actionable",size of scratchpad portion of L3.........<*> (<*>),size of scratchpad portion of L3.........0 (0M)
BGL:E115,FATAL,KERNEL,no_action,"reclassified: BGL RAS register/status dump line, not independently actionable",special purpose registers:,special purpose registers:
BGL:E116,FATAL,KERNEL,no_action,"reclassified: BGL RAS register/status dump line, not independently actionable",store operation.............................<*>,store operation.............................1
BGL:E117,INFO,KERNEL,no_action,Informational kernel notice; no issue requiring action,suppressing further interrupts of same type,suppressing further interrupts of same type
BGL:E118,INFO,KERNEL,no_action,Informational DDR correction; no impact detected,total of <*> ddr error(s) detected and corrected,total of 1 ddr error(s) detected and corrected
BGL:E119,INFO,KERNEL,no_action,Informational corrected DDR errors; no immediate issue requires action,total of <*> ddr error(s) detected and corrected over <*> seconds,total of 1 ddr error(s) detected and corrected over 2487 seconds
BGL:E12,INFO,KERNEL,no_action,Routine kernel interrupt statistics; no issue detected,"<*> total interrupts. 0 critical input interrupts. <*> microseconds total spent on critical input interrupts, <*> microseconds max time in a critical input interrupt.",10722 total interrupts. 0 critical input interrupts. 0 microseconds total spent on critical input in
BGL:E120,FATAL,KERNEL,no_action,"reclassified: BGL RAS register/status dump line, not independently actionable",wait state enable.................<*>,wait state enable.................0
BGL:E13,INFO,KERNEL,no_action,Informational kernel sync state; no immediate issue detected,<*> tree receiver <*> in re-synch state event(s) (dcr <*>) detected,1 tree receiver 2 in re-synch state event(s) (dcr 0x019a) detected
BGL:E14,INFO,KERNEL,no_action,Informational kernel sync state; no immediate issue detected,<*> tree receiver <*> in re-synch state event(s) (dcr <*>) detected over <*> seconds,13 tree receiver 1 in re-synch state event(s) (dcr 0x0185) detected over 4562 seconds
BGL:E15,INFO,KERNEL,no_action,Informational kernel log about auxiliary processor; no issue detected,auxiliary processor.........................<*>,auxiliary processor.........................0
BGL:E15,FATAL,KERNEL,no_action,"reclassified: BGL RAS register/status dump line, not independently actionable",auxiliary processor.........................<*>,auxiliary processor.........................0
BGL:E16,FATAL,KERNEL,no_action,"reclassified: BGL RAS register/status dump line, not independently actionable",byte ordering exception.....................<*>,byte ordering exception.....................0
BGL:E18,INFO,KERNEL,no_action,Informational kernel event; no immediate issue detected,"CE sym <*>, at <*>, mask <*>","CE sym 2, at 0x0b85eee0, mask 0x05"
BGL:E19,INFO,KERNEL,no_action,Informational kernel notice; no functional impact detected,ciod: cpu <*> at treeaddr <*> sent unrecognized message <*>,ciod: cpu 0 at treeaddr 438 sent unrecognized message 0xffffffff
BGL:E2,INFO,KERNEL,no_action,Corrected DDR errors are informational; no immediate action required,"<*> ddr errors(s) detected and corrected on rank <*>, symbol <*>, bit <*>","1 ddr errors(s) detected and corrected on rank 0, symbol 25, bit 1"
BGL:E20,INFO,KERNEL,no_action,"Informational duplicate mapping, no immediate action required",ciod: duplicate canonical-rank <*> to logical-rank <*> mapping at line <*> of node map file /<*>,ciod: duplicate canonical-rank 31 to logical-rank 0 mapping at line 3 of node map file /p/gb2/pakin1
BGL:E3,INFO,KERNEL,no_action,Informational kernel alignment exception; no immediate impact,<*> double-hummer alignment exceptions,63543 double-hummer alignment exceptions
BGL:E35,INFO,KERNEL,no_action,"Informational kernel packet code mismatch, no immediate issue","ciod: In packet from node <*>.<*> (<*>), message code <*> is not <*> or <*> (softheader=<*> <*> <*> <*>)","ciod: In packet from node 91.0 (R62-M1-Nf-C:J03-U11), message code 2 is not 3 or 4294967295 (softhea"
BGL:E38,INFO,KERNEL,no_action,Informational kernel message; no issue detected,ciod: Message code <*> is not <*> or <*>,ciod: Message code 0 is not 51 or 4294967295
BGL:E4,INFO,KERNEL,no_action,"Routine informational kernel message, no immediate action required",<*> floating point alignment exceptions,8 floating point alignment exceptions
BGL:E40,INFO,KERNEL,no_action,Debugger died message is informational; no immediate issue detected,ciod: pollControlDescriptors: Detected the debugger died.,ciod: pollControlDescriptors: Detected the debugger died.
BGL:E41,INFO,KERNEL,no_action,"Routine SIGTERM signal; informational, no action required","ciod: Received signal <*>, code=<*>, errno=<*>, address=<*>","ciod: Received signal 15, code=0, errno=0, address=0x000001b0"
BGL:E42,INFO,KERNEL,no_action,"Informational kernel message, no action required.",ciod: Z coordinate <*> exceeds physical dimension <*> at line <*> of node map file /<*>,ciod: Z coordinate 32 exceeds physical dimension 32 at line 33 of node map file /p/gb2/pakin1/conten
BGL:E43,FATAL,KERNEL,no_action,"reclassified: BGL RAS register/status dump line, not independently actionable",core configuration register: <*>,core configuration register: 0x00002000
BGL:E46,INFO,KERNEL,no_action,"Informational kernel warning, no immediate action needed.","critical input interrupt (unit=<*> bit=<*>): warning for torus z+ wire, suppressing further interrupts of same type","critical input interrupt (unit=0x0b bit=0x0a): warning for torus z+ wire, suppressing further interr"
BGL:E47,INFO,KERNEL,no_action,"Informational kernel warning, no immediate impact or required action","critical input interrupt (unit=<*> bit=<*>): warning for tree C1 wire, suppressing further interrupts of same type","critical input interrupt (unit=0x0b bit=0x17): warning for tree C1 wire, suppressing further interru"
BGL:E48,FATAL,KERNEL,no_action,"reclassified: BGL RAS register/status dump line, not independently actionable",critical input interrupt enable...<*>,critical input interrupt enable...0
BGL:E49,FATAL,KERNEL,no_action,"reclassified: BGL RAS register/status dump line, not independently actionable",data address space................<*>,data address space................0
BGL:E5,INFO,KERNEL,no_action,Informational corrected memory error; no action required,<*> L3 EDRAM error(s) (dcr <*>) detected and corrected,3 L3 EDRAM error(s) (dcr 0x0157) detected and corrected
BGL:E50,FATAL,KERNEL,no_action,"reclassified: BGL RAS register/status dump line, not independently actionable",data address: <*>,data address: 0x00000002
BGL:E51,INFO,KERNEL,no_action,Kernel detected and is correcting cache parity error; no immediate action requir,data cache search parity error detected. attempting to correct,data cache search parity error detected. attempting to correct
BGL:E53,INFO,KERNEL,no_action,Informational kernel interrupt; no immediate issue detected,data store interrupt caused by dcbf.........<*>,data store interrupt caused by dcbf.........0
BGL:E53,FATAL,KERNEL,no_action,"reclassified: BGL RAS register/status dump line, not independently actionable",data store interrupt caused by dcbf.........<*>,data store interrupt caused by dcbf.........0
BGL:E54,INFO,KERNEL,no_action,Informational kernel interrupt; no immediate issue detected,data store interrupt caused by icbi.........<*>,data store interrupt caused by icbi.........0
BGL:E54,FATAL,KERNEL,no_action,"reclassified: BGL RAS register/status dump line, not independently actionable",data store interrupt caused by icbi.........<*>,data store interrupt caused by icbi.........0
BGL:E56,FATAL,KERNEL,no_action,"reclassified: BGL RAS register/status dump line, not independently actionable",dbcr0=<*> dbsr=<*> ccr0=<*>,dbcr0=0x00000000 dbsr=0x00000000 ccr0=0x40002000
BGL:E57,FATAL,KERNEL,no_action,"reclassified: BGL RAS register/status dump line, not independently actionable",debug interrupt enable............<*>,debug interrupt enable............0
BGL:E58,FATAL,KERNEL,no_action,"reclassified: BGL RAS register/status dump line, not independently actionable",debug wait enable.................<*>,debug wait enable.................0
BGL:E59,FATAL,KERNEL,no_action,"reclassified: BGL RAS register/status dump line, not independently actionable",disable store gathering..................<*>,disable store gathering..................0
BGL:E6,INFO,KERNEL,no_action,"Transient L3 EDRAM errors corrected; informational, no action required",<*> L3 EDRAM error(s) (dcr <*>) detected and corrected over <*> seconds,2 L3 EDRAM error(s) (dcr 0x0157) detected and corrected over 282 seconds
BGL:E61,INFO,KERNEL,no_action,Informational kernel exception register; no immediate issue detected,exception syndrome register: <*>,exception syndrome register: 0x08000000
BGL:E61,FATAL,KERNEL,no_action,"reclassified: BGL RAS register/status dump line, not independently actionable",exception syndrome register: <*>,exception syndrome register: 0x00800000
BGL:E62,FATAL,KERNEL,no_action,"reclassified: BGL RAS register/status dump line, not independently actionable",floating point instr. enabled.....<*>,floating point instr. enabled.....1
BGL:E63,FATAL,KERNEL,no_action,"reclassified: BGL RAS register/status dump line, not independently actionable",floating pt ex mode <*> enable......<*>,floating pt ex mode 0 enable......0
BGL:E64,FATAL,KERNEL,no_action,"reclassified: BGL RAS register/status dump line, not independently actionable",force load/store alignment...............<*>,force load/store alignment...............0
BGL:E65,FATAL,KERNEL,no_action,"reclassified: BGL RAS register/status dump line, not independently actionable",fpr29=<*>,fpr29=0xffffffff ffffffff ffffffff ffffffff
BGL:E66,FATAL,KERNEL,no_action,"reclassified: BGL RAS register/status dump line, not independently actionable",fraction rounded.........................<*>,fraction rounded.........................0
BGL:E67,INFO,KERNEL,no_action,"reclassified: BGL RAS register/status dump line, not independently actionable",generating core.<*>,generating core.2275
BGL:E68,FATAL,KERNEL,no_action,"reclassified: BGL RAS register/status dump line, not independently actionable",guaranteed data cache block touch........<*>,guaranteed data cache block touch........1
BGL:E69,FATAL,KERNEL,no_action,"reclassified: BGL RAS register/status dump line, not independently actionable",guaranteed instruction cache block touch.<*>,guaranteed instruction cache block touch.0
BGL:E7,INFO,KERNEL,no_action,"Informational kernel metric, no issue detected",<*> microseconds spent in the rbs signal handler during <*> calls. <*> microseconds was the maximum time for a single instance of a correctable ddr.,0 microseconds spent in the rbs signal handler during 0 calls. 0 microseconds was the maximum time f
BGL:E70,INFO,KERNEL,no_action,"Informational kernel log, routine operation, no action required",iar <*> dear <*>,iar 003a90fc dear 00b360e8
BGL:E71,FATAL,KERNEL,no_action,"reclassified: BGL RAS register/status dump line, not independently actionable",icache prefetch depth....................<*>,icache prefetch depth....................0
BGL:E72,FATAL,KERNEL,no_action,"reclassified: BGL RAS register/status dump line, not independently actionable",icache prefetch threshold................<*>,icache prefetch threshold................0
BGL:E73,INFO,DISCOVERY,no_action,Informational status change; no issue indicated,Ido chip status changed: <*> ip=<*> v=<*> t=<*> status=M <*>,Ido chip status changed: FF:F2:9F:16:E2:23:00:0D:60:E9:1D:DC ip=10.0.0.151 v=9 t=4 status=M Fri Jul 
BGL:E75,FATAL,KERNEL,no_action,"reclassified: BGL RAS register/status dump line, not independently actionable",instruction address space.........<*>,instruction address space.........0
BGL:E76,INFO,KERNEL,no_action,Informational kernel log about instruction address; no action required.,instruction address: <*>,instruction address: 0x0062fe04
BGL:E76,FATAL,KERNEL,no_action,"reclassified: BGL RAS register/status dump line, not independently actionable",instruction address: <*>,instruction address: 0x00004ed8
BGL:E77,INFO,KERNEL,no_action,"Informational parity error corrected, no immediate action needed",instruction cache parity error corrected,instruction cache parity error corrected
BGL:E78,INFO,KERNEL,no_action,Informational kernel alignment warnings; no immediate impact,"Kernel detected <*> integer alignment exceptions (<*>) iar <*>, dear <*> (<*>) iar <*>, dear <*> (<*>) iar <*>, dear <*> (<*>) iar <*>, dear <*> (<*>) iar <*>, dear <*> (<*>) iar <*>, dear <*> (<*>) iar <*>, dear <*> (<*>) iar <*>, dear <*>","Kernel detected 35591540 integer alignment exceptions (35591533) iar 0x0023f108, dear 0x1feaa260 (35"
BGL:E79,FATAL,KERNEL,no_action,"reclassified: BGL RAS register/status dump line, not independently actionable",lr:<*> cr:<*> xer:<*> ctr:<*>,lr:00004ed0 cr:28244842 xer:20000002 ctr:00086000
BGL:E8,INFO,KERNEL,no_action,Informational kernel correction; no intervention required,<*> torus receiver x+ input pipe error(s) (dcr <*>) detected and corrected,1 torus receiver x+ input pipe error(s) (dcr 0x02ec) detected and corrected
BGL:E83,FATAL,KERNEL,no_action,"reclassified: BGL RAS register/status dump line, not independently actionable",machine check enable..............<*>,machine check enable..............0
BGL:E84,FATAL,KERNEL,no_action,"reclassified: BGL RAS register/status dump line, not independently actionable",machine check: i-fetch......................<*>,machine check: i-fetch......................0
BGL:E85,FATAL,KERNEL,no_action,"reclassified: BGL RAS register/status dump line, not independently actionable",machine state register: <*>,machine state register: 0x00002000
BGL:E86,FATAL,KERNEL,no_action,"reclassified: BGL RAS register/status dump line, not independently actionable",Machine State Register: <*>,Machine State Register: 0x0002f900
BGL:E87,FATAL,KERNEL,no_action,"reclassified: BGL RAS register/status dump line, not independently actionable",minus normalized number..................<*>,minus normalized number..................0
BGL:E88,INFO,DISCOVERY,no_action,Informational log of new chip insertion; no action required.,New ido chip inserted into the database: <*> ip=<*> v=<*> t=<*>,New ido chip inserted into the database: FF:F2:9F:15:1F:72:00:0D:60:EA:E0:8D ip=10.7.0.13 v=9 t=2
BGL:E89,INFO,KERNEL,no_action,"NFS mount retrying, no immediate issue.","NFS Mount failed on bglio<*>, slept <*> seconds, retrying (<*>)","NFS Mount failed on bglio716, slept 15 seconds, retrying (1)"
BGL:E9,INFO,KERNEL,no_action,Informational kernel correction; no manual intervention required,<*> torus receiver y+ input pipe error(s) (dcr <*>) detected and corrected,1 torus receiver y+ input pipe error(s) (dcr 0x02ee) detected and corrected
BGL:E95,WARNING,HARDWARE,no_action,Planned hardware shutdown as part of routine service action,"PrepareForService shutting down Node card(mLctn(<*>), mCardSernum(<*>), mLp(<*>), mIp(<*>), mType(<*>)) as part of Service Action <*>","PrepareForService shutting down Node card(mLctn(R10-M1-N2), mCardSernum(203231503833343000000000594c"
BGL:E96,WARNING,HARDWARE,no_action,Routine hardware shutdown during service action.,"PrepareForService shutting down NodeCard(mLctn(<*>), mCardSernum(<*>), mLp(<*>), mIp(<*>), mType(<*>)) as part of Service Action <*>","PrepareForService shutting down NodeCard(mLctn(R25-M1-N2), mCardSernum(203231503833343000000000594c3"
BGL:E97,FATAL,KERNEL,no_action,"reclassified: BGL RAS register/status dump line, not independently actionable","problem state (<*>=sup,<*>=usr).......<*>","problem state (0=sup,1=usr).......0"
BGL:E98,INFO,KERNEL,no_action,Informational kernel interrupt; no issue detected.,program interrupt,program interrupt
BGL:E99,FATAL,KERNEL,no_action,"reclassified: BGL RAS register/status dump line, not independently actionable",program interrupt: fp cr field .............<*>,program interrupt: fp cr field .............0
HDFS:E1,INFO,dfs.DataNode$DataXceiver,no_action,Info log shows normal block serving; no issue detected,<*>:<*> Served block blk_<*> to /<*>,10.251.194.213:50010 Served block blk_-7724713468912166542 to /10.251.203.80
HDFS:E10,INFO,dfs.DataNode$PacketResponder,no_action,"Normal DataNode packet responder termination, no issue.",PacketResponder <*> for block blk_<*> terminating,PacketResponder 1 for block blk_38865049064139660 terminating
HDFS:E11,INFO,dfs.DataNode$PacketResponder,no_action,"Informational log; normal block receipt, no action required",Received block blk_<*> of size <*> from /<*>,Received block blk_3587508140051953248 of size 67108864 from /10.251.42.84
HDFS:E12,INFO,dfs.DataNode$DataXceiver,no_action,Informational log of normal block receipt; no action required,Received block blk_<*> src: /<*>:<*> dest: /<*>:<*> of size <*>,Received block blk_-4411589101766563890 src: /10.250.14.38:37362 dest: /10.250.14.38:50010 of size 6
HDFS:E13,INFO,dfs.DataNode$DataXceiver,no_action,"Routine block transfer, normal operation.",Receiving block blk_<*> src: /<*>:<*> dest: /<*>:<*>,Receiving block blk_5792489080791696128 src: /10.251.30.6:33145 dest: /10.251.30.6:50010
HDFS:E14,INFO,dfs.DataBlockScanner,no_action,"Routine informational log, no action needed.",Verification succeeded for blk_<*>,Verification succeeded for blk_-4980916519894289629
HDFS:E2,INFO,dfs.DataNode,no_action,Informational log; normal block transfer thread started,<*>:<*> Starting thread to transfer block blk_<*> to <*>:<*>,10.250.15.198:50010 Starting thread to transfer block blk_4292382298896622412 to 10.250.15.240:50010
HDFS:E4,INFO,dfs.FSNamesystem,no_action,Informational block deletion request; normal filesystem operation,BLOCK* ask <*>:<*> to delete  blk_<*>,BLOCK* ask 10.250.18.114:50010 to delete  blk_-5140072410813878235
HDFS:E5,INFO,dfs.FSNamesystem,no_action,Informational replication request; normal operation,BLOCK* ask <*>:<*> to replicate blk_<*> to datanode(s) <*>:<*>,BLOCK* ask 10.250.14.38:50010 to replicate blk_-7571492020523929240 to datanode(s) 10.251.122.38:500
HDFS:E6,INFO,dfs.FSNamesystem,no_action,Informational block map update; normal operation,BLOCK* NameSystem.addStoredBlock: blockMap updated: <*>:<*> is added to blk_<*> size <*>,BLOCK* NameSystem.addStoredBlock: blockMap updated: 10.251.73.220:50010 is added to blk_712837023768
HDFS:E7,INFO,dfs.FSNamesystem,no_action,"Informational block allocation; normal operation, no action required",BLOCK* NameSystem.allocateBlock: /<*>/part-<*>. blk_<*>,BLOCK* NameSystem.allocateBlock: /user/root/rand/_temporary/_task_200811092030_0001_m_000590_0/part-
HDFS:E8,INFO,dfs.FSNamesystem,no_action,Informational block invalidation; no immediate issue requires action,BLOCK* NameSystem.delete: blk_<*> is added to invalidSet of <*>:<*>,BLOCK* NameSystem.delete: blk_2568309208894455676 is added to invalidSet of 10.251.31.160:50010
HDFS:E9,INFO,dfs.FSDataset,no_action,"Routine block deletion log; normal operation, no action required",Deleting block blk_<*> file /<*>/blk_<*>,Deleting block blk_1781953582842324563 file /mnt/hadoop/dfs/data/current/subdir5/blk_178195358284232
OpenStack:E1,INFO,nova.compute.claims,no_action,"Informational claim log; normal operation, no action required.","[instance: <*>] Attempting claim: memory <*> MB, disk <*> GB, vcpus <*> CPU","[instance: 96abccce-8d1f-4e07-b6d1-4b2ab87e23b4] Attempting claim: memory 2048 MB, disk 20 GB, vcpus"
OpenStack:E10,INFO,nova.compute.claims,no_action,"Informational log; memory usage within limits, no action needed","[instance: <*>] memory limit: <*>.<*> MB, free: <*>.<*> MB","[instance: 96abccce-8d1f-4e07-b6d1-4b2ab87e23b4] memory limit: 96258.00 MB, free: 95746.00 MB"
OpenStack:E11,INFO,nova.compute.manager,no_action,"Routine instance termination; informational log, no action required",[instance: <*>] Terminating instance,[instance: b9000564-fe1a-409b-b8cc-1e88b294cd1d] Terminating instance
OpenStack:E12,INFO,nova.compute.manager,no_action,Informational log; instance build time within normal range,[instance: <*>] Took <*>.<*> seconds to build instance.,[instance: b9000564-fe1a-409b-b8cc-1e88b294cd1d] Took 19.84 seconds to build instance.
OpenStack:E13,INFO,nova.compute.manager,no_action,Routine informational log; network deallocation completed normally.,[instance: <*>] Took <*>.<*> seconds to deallocate network for instance.,[instance: b9000564-fe1a-409b-b8cc-1e88b294cd1d] Took 0.48 seconds to deallocate network for instanc
OpenStack:E14,INFO,nova.compute.manager,no_action,Routine informational log; instance destruction completed normally.,[instance: <*>] Took <*>.<*> seconds to destroy the instance on the hypervisor.,[instance: b9000564-fe1a-409b-b8cc-1e88b294cd1d] Took 1.03 seconds to destroy the instance on the hy
OpenStack:E15,INFO,nova.compute.manager,no_action,Informational log; instance spawn time within normal range,[instance: <*>] Took <*>.<*> seconds to spawn the instance on the hypervisor.,[instance: b9000564-fe1a-409b-b8cc-1e88b294cd1d] Took 19.05 seconds to spawn the instance on the hyp
OpenStack:E16,INFO,nova.compute.claims,no_action,"Routine disk usage info, no issue.","[instance: <*>] Total disk: <*> GB, used: <*>.<*> GB","[instance: 96abccce-8d1f-4e07-b6d1-4b2ab87e23b4] Total disk: 15 GB, used: 0.00 GB"
OpenStack:E17,INFO,nova.compute.claims,no_action,Routine informational memory usage log,"[instance: <*>] Total memory: <*> MB, used: <*>.<*> MB","[instance: 96abccce-8d1f-4e07-b6d1-4b2ab87e23b4] Total memory: 64172 MB, used: 512.00 MB"
OpenStack:E18,INFO,nova.compute.claims,no_action,"Routine informational log, no issue detected","[instance: <*>] Total vcpu: <*> VCPU, used: <*>.<*> VCPU","[instance: 96abccce-8d1f-4e07-b6d1-4b2ab87e23b4] Total vcpu: 16 VCPU, used: 0.00 VCPU"
OpenStack:E19,INFO,nova.compute.claims,no_action,"Informational log, no issue detected","[instance: <*>] vcpu limit not specified, defaulting to unlimited","[instance: 96abccce-8d1f-4e07-b6d1-4b2ab87e23b4] vcpu limit not specified, defaulting to unlimited"
OpenStack:E2,INFO,nova.compute.claims,no_action,"Informational log; claim succeeded, no action needed",[instance: <*>] Claim successful,[instance: 96abccce-8d1f-4e07-b6d1-4b2ab87e23b4] Claim successful
OpenStack:E20,INFO,nova.compute.manager,no_action,"Informational VM pause event, routine lifecycle, no action required",[instance: <*>] VM Paused (Lifecycle Event),[instance: b9000564-fe1a-409b-b8cc-1e88b294cd1d] VM Paused (Lifecycle Event)
OpenStack:E21,INFO,nova.compute.manager,no_action,"Informational VM resume event, normal operation",[instance: <*>] VM Resumed (Lifecycle Event),[instance: b9000564-fe1a-409b-b8cc-1e88b294cd1d] VM Resumed (Lifecycle Event)
OpenStack:E22,INFO,nova.compute.manager,no_action,"Normal lifecycle event, no action required.",[instance: <*>] VM Started (Lifecycle Event),[instance: b9000564-fe1a-409b-b8cc-1e88b294cd1d] VM Started (Lifecycle Event)
OpenStack:E23,INFO,nova.compute.manager,no_action,"Informational VM stop event; normal lifecycle, no action required",[instance: <*>] VM Stopped (Lifecycle Event),[instance: b9000564-fe1a-409b-b8cc-1e88b294cd1d] VM Stopped (Lifecycle Event)
OpenStack:E24,INFO,nova.osapi_compute.wsgi.server,no_action,DELETE request succeeded with 204; routine informational log.,"<*> ""DELETE <*>"" status: <*> len: <*> time: <*>.<*>","10.11.10.1 ""DELETE /v2/54fadb412c4e40cdbaed9335e4c35a9e/servers/b9000564-fe1a-409b-b8cc-1e88b294cd1d"
OpenStack:E25,INFO,nova.osapi_compute.wsgi.server,no_action,Informational GET request succeeded with status 200; no action needed.,"<*> ""GET <*>"" status: <*> len: <*> time: <*>.<*>","10.11.10.1 ""GET /v2/54fadb412c4e40cdbaed9335e4c35a9e/servers/detail HTTP/1.1"" status: 200 len: 1893 "
OpenStack:E26,INFO,nova.osapi_compute.wsgi.server,no_action,Informational log; successful POST request with 200 status,"<*> ""POST <*>"" status: <*> len: <*> time: <*>.<*>","10.11.10.1 ""POST /v2/e9746973ac574c6b8a9e8857f56a7608/os-server-external-events HTTP/1.1"" status: 20"
OpenStack:E27,INFO,nova.virt.libvirt.imagecache,no_action,Informational log about active base files; no action required,Active base files: <*>,Active base files: /var/lib/nova/instances/_base/a489c868f0c37da93b76227c91bb03908ac0e742
OpenStack:E28,INFO,nova.compute.resource_tracker,no_action,"Routine informational audit, no action required.",Auditing locally available compute resources for node <*>,Auditing locally available compute resources for node cp-1.slowvm1.tcloud-pg0.utah.cloudlab.us
OpenStack:E29,INFO,nova.virt.libvirt.imagecache,no_action,Informational cache message; no immediate issue requires action,Base or swap file too young to remove: <*>,Base or swap file too young to remove: /var/lib/nova/instances/_base/a489c868f0c37da93b76227c91bb039
OpenStack:E3,INFO,nova.virt.libvirt.driver,no_action,"Informational log; normal image creation, no action required",[instance: <*>] Creating image,[instance: 96abccce-8d1f-4e07-b6d1-4b2ab87e23b4] Creating image
OpenStack:E30,INFO,nova.compute.resource_tracker,no_action,Routine compute service record update; no issue detected,Compute_service record updated for <*>,Compute_service record updated for cp-1.slowvm1.tcloud-pg0.utah.cloudlab.us:cp-1.slowvm1.tcloud-pg0.
OpenStack:E31,INFO,nova.api.openstack.compute.server_external_events,no_action,Informational event; normal network VIF plug operation,Creating event network-vif-plugged:<*>-<*>-<*>-<*>-<*> for instance <*>,Creating event network-vif-plugged:e3871ffd-5cd5-4287-bddd-3529f7b59515 for instance b9000564-fe1a-4
OpenStack:E32,INFO,nova.compute.resource_tracker,no_action,Informational resource snapshot; no issue detected,Final resource view: name=<*> phys_ram=<*> used_ram=<*> phys_disk=<*> used_disk=<*> total_vcpus=<*> used_vcpus=<*> pci_stats=[],Final resource view: name=cp-1.slowvm1.tcloud-pg0.utah.cloudlab.us phys_ram=64172MB used_ram=2560MB 
OpenStack:E33,INFO,nova.api.openstack.wsgi,no_action,Informational log; no instances found does not indicate a problem,HTTP exception thrown: No instances found for any event,HTTP exception thrown: No instances found for any event
OpenStack:E34,INFO,nova.virt.libvirt.imagecache,no_action,"Routine informational cache check, no issue detected",image <*> at (<*>): checking,image 0673dd71-34c5-4fbb-86c4-40623fbe45b4 at (/var/lib/nova/instances/_base/a489c868f0c37da93b76227
OpenStack:E35,INFO,nova.virt.libvirt.imagecache,no_action,Informational cache status; no issue detected,"image <*> at (<*>): in use: on this node <*> local, <*> on other nodes sharing this instance storage",image 0673dd71-34c5-4fbb-86c4-40623fbe45b4 at (/var/lib/nova/instances/_base/a489c868f0c37da93b76227
OpenStack:E36,INFO,nova.virt.libvirt.imagecache,no_action,Informational log about removable base files; no action required,Removable base files: <*>,Removable base files: /var/lib/nova/instances/_base/a489c868f0c37da93b76227c91bb03908ac0e742
OpenStack:E37,INFO,nova.virt.libvirt.imagecache,no_action,Routine image cache cleanup; removal of base/swap file is normal,Removing base or swap file: <*>,Removing base or swap file: /var/lib/nova/instances/_base/a489c868f0c37da93b76227c91bb03908ac0e742
OpenStack:E38,INFO,nova.compute.manager,no_action,Routine informational audit; no issue detected,Running instance usage audit for host <*> from <*>-<*>-<*> <*>:<*>:<*> to <*>-<*>-<*> <*>:<*>:<*>. <*> instances.,Running instance usage audit for host cp-1.slowvm1.tcloud-pg0.utah.cloudlab.us from 2017-05-16 05:00
OpenStack:E39,INFO,nova.scheduler.host_manager,no_action,Normal operation; sync completed successfully,Successfully synced instances from host '<*>'.,Successfully synced instances from host 'cp-1.slowvm1.tcloud-pg0.utah.cloudlab.us'.
OpenStack:E4,INFO,nova.virt.libvirt.driver,no_action,"Routine instance file cleanup; informational log, no issue",[instance: <*>] Deleting instance files <*>,[instance: b9000564-fe1a-409b-b8cc-1e88b294cd1d] Deleting instance files /var/lib/nova/instances/b90
OpenStack:E40,INFO,nova.scheduler.host_manager,no_action,Informational sync mismatch auto-corrected; no immediate action required.,The instance sync for host '<*>' did not match. Re-created its InstanceList.,The instance sync for host 'cp-1.slowvm1.tcloud-pg0.utah.cloudlab.us' did not match. Re-created its 
OpenStack:E41,INFO,nova.compute.resource_tracker,no_action,Informational vCPU usage report; no issue detected,"Total usable vcpus: <*>, total allocated vcpus: <*>","Total usable vcpus: 16, total allocated vcpus: 1"
OpenStack:E5,INFO,nova.virt.libvirt.driver,no_action,"Instance deletion completed successfully, routine informational log.",[instance: <*>] Deletion of <*> complete,[instance: b9000564-fe1a-409b-b8cc-1e88b294cd1d] Deletion of /var/lib/nova/instances/b9000564-fe1a-4
OpenStack:E6,INFO,nova.compute.claims,no_action,"Informational log, no issue detected","[instance: <*>] disk limit not specified, defaulting to unlimited","[instance: 96abccce-8d1f-4e07-b6d1-4b2ab87e23b4] disk limit not specified, defaulting to unlimited"
OpenStack:E7,INFO,nova.compute.manager,no_action,"Informational sync_power_state notice; instance pending spawn task, no action re",[instance: <*>] During sync_power_state the instance has a pending task (spawning). Skip.,[instance: b9000564-fe1a-409b-b8cc-1e88b294cd1d] During sync_power_state the instance has a pending 
OpenStack:E8,INFO,nova.virt.libvirt.driver,no_action,Instance destroyed successfully; normal informational log.,[instance: <*>] Instance destroyed successfully.,[instance: b9000564-fe1a-409b-b8cc-1e88b294cd1d] Instance destroyed successfully.
OpenStack:E9,INFO,nova.virt.libvirt.driver,no_action,"Instance spawned successfully, normal operation.",[instance: <*>] Instance spawned successfully.,[instance: b9000564-fe1a-409b-b8cc-1e88b294cd1d] Instance spawned successfully.
Spark:E1,INFO,mapred.SparkHadoopMapRedUtil,no_action,Info log indicates normal task commit; no action required.,attempt_<*>: Committed,attempt_201706092018_0024_m_000004_1026: Committed
Spark:E10,INFO,storage.BlockManager,no_action,"Informational block found locally, no issue.",Found block rdd_<*> locally,Found block rdd_2_0 locally
Spark:E11,INFO,executor.CoarseGrainedExecutorBackend,no_action,"Routine task assignment; informational log, no action required",Got assigned task <*>,Got assigned task 0
Spark:E12,INFO,rdd.HadoopRDD,no_action,Informational Hadoop input split log; no issue detected,Input split: hdfs://<*>,Input split: hdfs://10.10.34.11:9000/pjhe/logs/2kSOSP.log:21876+7292
Spark:E13,INFO,Configuration.deprecation,no_action,"Deprecated config, no immediate action needed.","mapred.job.id is deprecated. Instead, use mapreduce.job.id","mapred.job.id is deprecated. Instead, use mapreduce.job.id"
Spark:E14,INFO,Configuration.deprecation,no_action,"Deprecated config, no immediate action needed.","mapred.task.id is deprecated. Instead, use mapreduce.task.attempt.id","mapred.task.id is deprecated. Instead, use mapreduce.task.attempt.id"
Spark:E15,INFO,Configuration.deprecation,no_action,"Informational deprecation notice, no immediate action needed.","mapred.task.is.map is deprecated. Instead, use mapreduce.task.ismap","mapred.task.is.map is deprecated. Instead, use mapreduce.task.ismap"
Spark:E16,INFO,Configuration.deprecation,no_action,"Deprecated config, no immediate impact.","mapred.task.partition is deprecated. Instead, use mapreduce.task.partition","mapred.task.partition is deprecated. Instead, use mapreduce.task.partition"
Spark:E17,INFO,Configuration.deprecation,no_action,Informational deprecation warning; no immediate action required,"mapred.tip.id is deprecated. Instead, use mapreduce.task.id","mapred.tip.id is deprecated. Instead, use mapreduce.task.id"
Spark:E18,INFO,storage.MemoryStore,no_action,Service started normally; no issues detected.,MemoryStore started with capacity <*> GB,MemoryStore started with capacity 17.7 GB
Spark:E19,INFO,spark.CacheManager,no_action,"Routine recomputation of missing partition, no action required.","Partition rdd_<*> not found, computing it","Partition rdd_2_1 not found, computing it"
Spark:E2,INFO,storage.MemoryStore,no_action,"Informational log; memory block stored successfully, no action needed","Block <*> stored as bytes in memory (estimated size <*>, free <*>)","Block broadcast_9_piece0 stored as bytes in memory (estimated size 5.2 KB, free 5.2 KB)"
Spark:E20,INFO,broadcast.TorrentBroadcast,no_action,Routine informational log; operation completed within expected time.,Reading broadcast variable <*> took <*> ms,Reading broadcast variable 9 took 160 ms
Spark:E21,INFO,storage.BlockManagerMaster,no_action,Routine block manager registration; no action required,Registered BlockManager,Registered BlockManager
Spark:E22,INFO,executor.CoarseGrainedExecutorBackend,no_action,"Informational log; just registering signal handlers, no action needed","Registered signal handlers for [TERM, HUP, INT]","Registered signal handlers for [TERM, HUP, INT]"
Spark:E23,INFO,Remoting,no_action,"Remoting started successfully; informational log, no action required",Remoting started; listening on addresses :[akka.tcp://<*>],Remoting started; listening on addresses :[akka.tcp://sparkExecutorActorSystem@mesos-slave-07:55904]
Spark:E24,INFO,executor.Executor,no_action,Routine informational log; task execution proceeding normally,Running task <*> in stage <*> (TID <*>),Running task 0.0 in stage 0.0 (TID 0)
Spark:E25,INFO,output.FileOutputCommitter,no_action,"Routine informational log; output saved successfully, no action needed",Saved output of task 'attempt_<*>' to hdfs://<*>,Saved output of task 'attempt_201706092018_0024_m_000003_1012' to hdfs://10.10.34.11:9000/pjhe/test/
Spark:E26,INFO,spark.SecurityManager,no_action,Informational log about disabled authentication and UI ACLs; no action needed,"SecurityManager: authentication disabled; ui acls disabled; users with view permissions: Set(yarn, curi); users with modify permissions: Set(yarn, curi)","SecurityManager: authentication disabled; ui acls disabled; users with view permissions: Set(yarn, c"
Spark:E27,INFO,netty.NettyBlockTransferService,no_action,"Informational log; server creation is routine, no action required",Server created on <*>,Server created on 40984
Spark:E28,INFO,slf4j.Slf4jLogger,no_action,"Routine startup message, no action required.",Slf4jLogger started,Slf4jLogger started
Spark:E29,INFO,broadcast.TorrentBroadcast,no_action,"Routine informational log, no action needed.",Started reading broadcast variable <*>,Started reading broadcast variable 9
Spark:E3,INFO,storage.MemoryStore,no_action,Informational memory store log; no issue detected,"Block <*> stored as values in memory (estimated size <*>, free <*>)","Block broadcast_9 stored as values in memory (estimated size 8.8 KB, free 14.0 KB)"
Spark:E30,INFO,executor.Executor,no_action,"Routine executor start, informational only",Starting executor ID <*> on host <*>,Starting executor ID 5 on host mesos-slave-07
Spark:E31,INFO,Remoting,no_action,"Routine startup message, no issue.",Starting remoting,Starting remoting
Spark:E32,INFO,executor.CoarseGrainedExecutorBackend,no_action,"Informational log, no issue detected",Successfully registered with driver,Successfully registered with driver
Spark:E33,INFO,util.Utils,no_action,Service started successfully; no issue detected,Successfully started service 'org.apache.spark.network.netty.NettyBlockTransferService' on port <*>.,Successfully started service 'org.apache.spark.network.netty.NettyBlockTransferService' on port 4098
Spark:E34,INFO,util.Utils,no_action,Service started successfully; no issue detected,Successfully started service 'sparkExecutorActorSystem' on port <*>.,Successfully started service 'sparkExecutorActorSystem' on port 55904.
Spark:E35,INFO,python.PythonRunner,no_action,"Informational timing metrics, no issue detected","Times: total = <*>, boot = <*>, init = <*>, finish = <*>","Times: total = 1072, boot = 856, init = 210, finish = 6"
Spark:E36,INFO,storage.BlockManagerMaster,no_action,Informational log; BlockManager registration attempt normal,Trying to register BlockManager,Trying to register BlockManager
Spark:E4,INFO,spark.SecurityManager,no_action,"Informational ACL change; routine operation, no action required",Changing modify acls to: <*>,"Changing modify acls to: yarn,curi"
Spark:E5,INFO,spark.SecurityManager,no_action,"Informational ACL change; routine operation, no action required",Changing view acls to: <*>,"Changing view acls to: yarn,curi"
Spark:E6,INFO,executor.CoarseGrainedExecutorBackend,no_action,"Informational log; normal driver connection, no action required",Connecting to driver: spark://<*>,Connecting to driver: spark://CoarseGrainedScheduler@10.10.34.11:48069
Spark:E7,INFO,storage.DiskBlockManager,no_action,"Informational log; directory creation is normal, no action required",Created local directory at <*>,Created local directory at /opt/hdfs/nodemanager/usercache/curi/appcache/application_1485248649253_0
Spark:E8,INFO,output.FileOutputCommitter,no_action,Informational version log; no issue detected,File Output Committer Algorithm version is <*>,File Output Committer Algorithm version is 1
Spark:E9,INFO,executor.Executor,no_action,"Routine informational log, no action needed",Finished task <*> in stage <*> (TID <*>). <*> bytes result sent to driver,Finished task 3.0 in stage 0.0 (TID 3). 2703 bytes result sent to driver
BGL:E23,FATAL,APP,restart_service,Fatal error indicates service crash; restart to recover functionality,ciod: Error creating node map from file <*>: No child processes,ciod: Error creating node map from file /p/gb2/cabot/miranda/newmaps/8k_128x64x1_8x4x4.map: No child
BGL:E74,ERROR,MMCS,restart_service,"Assertion failure, service likely crashed, restart to recover.","idoproxydb hit ASSERT condition: ASSERT expression=0 Source file=idotransportmgr.cpp Source line=<*> Function=int IdoTransportMgr::SendPacket(IdoUdpMgr*, BglCtlPavTrace*)",idoproxydb hit ASSERT condition: ASSERT expression=0 Source file=idotransportmgr.cpp Source line=104
